possession,passes_inside_box,obv_defensive_action,build_up_patience,pass_accuracy,gk_pass_distance,deep_progressions,obv_pass,chance_quality,np_xg,deep_completions,shots_in_clear,obv_dribble_carry,pressing_intensity,counterpress_rate,fhalf_pressures_ratio,pressure_regains,aggression,defensive_line_height,np_xg_per_shot_conceded,passes_inside_box_conceded,deep_completions_conceded,transition_threat,high_press_shots,pace_towards_goal,counter_shots_conceded,width_usage,successful_crosses,completed_dribbles,dribble_ratio,set_piece_emphasis,xg_per_sp,sp_shot_ratio,corner_xg,cluster,cluster_name
0.57,4.023157894736842,0.3291578947368421,13.021052631578948,0.6137894736842106,35.77536842105263,49.765052631578946,0.8478947368421053,0.10057894736842105,1.52,6.008000000000001,2.4831578947368422,1.0018947368421052,20.194736842105264,22.370526315789473,0.520421052631579,35.78663157894737,0.21905263157894736,46.75157894736842,0.09326315789473684,2.3528421052631576,3.515052631578947,1.0541052631578947,3.726736842105263,2.481894736842105,0.9389473684210526,8.837894736842106,2.4690526315789474,7.400631578947368,0.5345263157894737,21.21157894736842,0.009894736842105263,0.09589473684210527,0.22736842105263158,0,Balanced
0.48014492753623184,2.2682898550724637,0.3354202898550725,14.556521739130435,0.6078550724637681,46.71504347826087,36.13736231884058,0.7875652173913044,0.0903536231884058,1.059536231884058,3.567913043478261,1.7473333333333334,0.715304347826087,18.839420289855074,20.502898550724638,0.456,32.113565217391304,0.1955942028985507,43.963478260869564,0.09289855072463768,2.734492753623188,4.262898550724637,0.9619710144927536,2.479594202898551,2.864840579710145,0.9950724637681159,8.980579710144928,2.3754202898550725,6.057072463768116,0.5099420289855072,27.234202898550723,0.009304347826086957,0.08321739130434783,0.17831884057971015,1,Defensive
