possession,passes_inside_box,obv_defensive_action,build_up_patience,pass_accuracy,gk_pass_distance,deep_progressions,obv_pass,chance_quality,np_xg,deep_completions,shots_in_clear,obv_dribble_carry,pressing_intensity,counterpress_rate,fhalf_pressures_ratio,pressure_regains,aggression,defensive_line_height,np_xg_per_shot_conceded,passes_inside_box_conceded,deep_completions_conceded,transition_threat,high_press_shots,pace_towards_goal,counter_shots_conceded,width_usage,successful_crosses,completed_dribbles,dribble_ratio,set_piece_emphasis,xg_per_sp,sp_shot_ratio,corner_xg,cluster,cluster_name
0.5700000000000001,4.0222105263157895,0.3291578947368421,13.021052631578947,0.6136842105263158,35.77557894736842,49.76094736842105,0.8481052631578947,0.1006,1.5203157894736843,6.0073684210526315,2.4834736842105265,1.002,20.197894736842105,22.386315789473684,0.520421052631579,35.76442105263158,0.21905263157894736,46.75157894736842,0.09326315789473684,2.352736842105263,3.5150526315789477,1.0518947368421052,3.7244210526315786,2.481157894736842,0.9374736842105263,8.838947368421053,2.469894736842105,7.400736842105263,0.5345263157894737,21.201052631578946,0.009894736842105263,0.09589473684210527,0.22715789473684211,0,Balanced
0.4801449275362319,2.2683478260869565,0.3353623188405797,14.553623188405798,0.6079130434782609,46.71434782608696,36.13553623188406,0.7873623188405797,0.09034782608695652,1.059391304347826,3.5678840579710145,1.7472173913043478,0.7152753623188406,18.837971014492755,20.508115942028986,0.456,32.09397101449275,0.1955942028985507,43.96260869565217,0.09289855072463768,2.7345217391304346,4.262840579710145,0.9611014492753623,2.4796231884057973,2.8648115942028984,0.9941159420289856,8.98,2.3756521739130436,6.056666666666667,0.5099420289855072,27.236231884057972,0.009304347826086957,0.08321739130434783,0.17828985507246375,1,Defensive
