possession,passes_inside_box,obv_defensive_action,build_up_patience,pass_accuracy,gk_pass_distance,deep_progressions,obv_pass,chance_quality,np_xg,deep_completions,shots_in_clear,obv_dribble_carry,pressing_intensity,counterpress_rate,fhalf_pressures_ratio,pressure_regains,aggression,defensive_line_height,np_xg_per_shot_conceded,passes_inside_box_conceded,deep_completions_conceded,transition_threat,high_press_shots,pace_towards_goal,counter_shots_conceded,width_usage,successful_crosses,completed_dribbles,dribble_ratio,set_piece_emphasis,xg_per_sp,sp_shot_ratio,corner_xg,cluster,cluster_name
0.48014492753623184,2.2683768115942025,0.33544927536231883,14.553623188405798,0.6078550724637681,46.7155652173913,36.13536231884058,0.7875072463768116,0.0903536231884058,1.0595652173913044,3.5681159420289856,1.7473333333333332,0.7152753623188406,18.839420289855074,20.51391304347826,0.456,32.074000000000005,0.1955942028985507,43.963478260869564,0.09289855072463768,2.734463768115942,4.26295652173913,0.959768115942029,2.479014492753623,2.865014492753623,0.9921739130434782,8.980579710144928,2.375536231884058,6.056985507246377,0.5099420289855072,27.233333333333334,0.009304347826086959,0.08321739130434783,0.17831884057971015,0,Balanced
0.57,4.022842105263157,0.3292631578947368,13.021052631578947,0.6137894736842106,35.777157894736845,49.76168421052632,0.8477894736842105,0.10058947368421052,1.52,6.00778947368421,2.4836842105263157,1.0018947368421054,20.194736842105264,22.400000000000002,0.520421052631579,35.71736842105263,0.21905263157894736,46.75157894736842,0.09326315789473684,2.353263157894737,3.5156842105263157,1.047263157894737,3.7255789473684207,2.481263157894737,0.9348421052631579,8.838947368421053,2.469157894736842,7.400315789473684,0.5345263157894737,21.20947368421053,0.009894736842105263,0.09589473684210527,0.22726315789473686,1,High-Press
